{"cameraMode":{"drawMode":0,"name":"Shaded","section":"Shading Mode"},"sceneLighting":false,"audioPlay":false,"sceneViewState":{"m_AlwaysRefresh":false,"showFog":true,"showSkybox":false,"showFlares":true,"showImageEffects":true,"showParticleSystems":true,"showVisualEffectGraphs":true,"m_FxEnabled":true},"in2DMode":false,"pivot":{"x":1.999981164932251,"y":-17.308225631713868,"z":17.50709342956543},"rotation":{"x":-0.01439630426466465,"y":0.2634345591068268,"z":0.003900039242580533,"w":0.9645746350288391},"size":3.1648714542388918,"orthographic":false}